{"stats":{"minecraft:broken":{"minecraft:shield":1},"minecraft:crafted":{"minecraft:oak_planks":32,"minecraft:furnace":2,"sophisticatedbackpacks:crafting_upgrade":1,"minecraft:bone_meal":10,"minecraft:cooked_mutton":3,"minecraft:iron_boots":1,"sophisticatedbackpacks:copper_backpack":1,"minecraft:stone_pickaxe":1,"minecraft:chest":3,"minecraft:dark_oak_planks":5,"sophisticatedbackpacks:iron_backpack":1,"minecraft:cooked_beef":26,"sophisticatedbackpacks:backpack":1,"minecraft:crafting_table":7,"minecraft:spruce_planks":2,"minecraft:wooden_pickaxe":1,"minecraft:copper_ingot":8,"sophisticatedbackpacks:gold_backpack":1,"minecraft:birch_planks":10,"minecraft:bucket":1,"minecraft:stone_axe":1,"sophisticatedbackpacks:upgrade_base":1,"minecraft:air":280,"minecraft:string":13,"minecraft:iron_chestplate":1,"minecraft:yellow_dye":1,"minecraft:shield":3,"minecraft:stick":15,"minecraft:iron_ingot":6,"minecraft:iron_pickaxe":1,"minecraft:stone_sword":1,"minecraft:iron_leggings":1,"minecraft:gold_ingot":9,"minecraft:white_bed":1,"minecraft:torch":29,"thermal:tin_ingot":2},"minecraft:picked_up":{"minecraft:crafting_table":4,"minecraft:chainmail_boots":1,"minecraft:chicken":1,"minecraft:brown_bed":2,"minecraft:string":1,"mysticalagriculture:inferium_essence":11,"minecraft:gold_nugget":3,"minecraft:beef":34,"meds_and_herbs:plantago_leaves":4,"minecraft:cyan_wool":1,"minecraft:iron_nugget":5,"dynamictrees:oak_seed":7,"minecraft:furnace":4,"grimoireofgaia:taproot":2,"minecraft:stick":45,"minecraft:raw_iron":4,"grimoireofgaia:meat":3,"minecraft:copper_ingot":1,"minecraft:polished_deepslate_stairs":2,"minecraft:torch":1,"sophisticatedbackpacks:backpack":1,"grimoireofgaia:weapon_book_nature":1,"minecraft:pointed_dripstone":3,"tombstone:grave_dust":8,"vampirism:vampire_fang":1,"minecraft:redstone":2,"minecraft:dark_oak_planks":2,"minecraft:arrow":3,"minecraft:rotten_flesh":22,"k_turrets:raw_titanium":2,"minecraft:deepslate_brick_stairs":1,"minecraft:mutton":3,"minecraft:white_wool":2,"minecraft:cobblestone":59,"minecraft:birch_log":4,"minecraft:feather":3,"minecraft:cooked_beef":4,"minecraft:brown_wool":1,"minecraft:leather":19,"minecraft:yellow_dye":1,"meds_and_herbs:artemisia_leaves":7,"minecraft:potato":1,"minecraft:oak_log":26,"evilcraft:flesh_humanoid":1,"scalinghealth:heart_crystal":4,"minecraft:wooden_hoe":1,"minecraft:dirt":63,"minecraft:lantern":1,"minecraft:white_banner":1,"immersiveengineering:hemp_fiber":39,"minecraft:bone":8,"minecraft:wheat_seeds":5,"minecraft:cobbled_deepslate_slab":1,"minecraft:spruce_wood":1,"dynamictrees:birch_seed":1,"scalinghealth:power_crystal_shard":3,"minecraft:bamboo":10,"minecraft:oak_planks":6,"thermal:raw_tin":1,"hmag:soul_powder":2,"minecraft:dandelion":1,"minecraft:dripstone_block":4,"minecraft:gravel":1,"minecraft:spruce_log":2,"meds_and_herbs:artemisia_seeds":2,"immersiveengineering:seed":14,"minecraft:diamond":1,"minecraft:granite":5,"minecraft:gray_wool":4,"minecraft:bread":24,"werewolves:cracked_bone":1,"tombstone:magic_scroll":1,"minecraft:coal":19},"minecraft:custom":{"minecraft:mob_kills":65,"minecraft:interact_with_crafting_table":51,"minecraft:open_barrel":4,"minecraft:leave_game":7,"minecraft:time_since_death":28711,"minecraft:climb_one_cm":9559,"minecraft:sprint_one_cm":567549,"minecraft:walk_one_cm":332931,"minecraft:damage_blocked_by_shield":2509,"minecraft:drop":40,"minecraft:play_time":178092,"minecraft:deaths":25,"minecraft:sneak_time":5455,"minecraft:walk_under_water_one_cm":175,"minecraft:jump":3422,"minecraft:walk_on_water_one_cm":2575,"minecraft:total_world_time":178092,"minecraft:interact_with_furnace":39,"tombstone:raider_killed":4,"vampirism:interact_with_garlic_diffuser":1,"minecraft:sleep_in_bed":3,"minecraft:time_since_rest":28284,"minecraft:damage_taken":10588,"minecraft:damage_dealt":14313,"minecraft:player_kills":2,"minecraft:swim_one_cm":1499,"minecraft:fly_one_cm":978035,"minecraft:open_chest":70,"minecraft:crouch_one_cm":12640,"tombstone:undead_killed":29,"minecraft:fall_one_cm":96857},"minecraft:killed_by":{"minecraft:player":1,"minecraft:pillager":1,"hmag:harpy":2,"grimoireofgaia:goblin":1,"alexsmobs:bison":1,"grimoireofgaia:minotaurus":1,"grimoireofgaia:harpy":10,"grimoireofgaia:spriggan":1,"minecraft:zombie":3},"minecraft:mined":{"minecraft:dark_oak_planks":2,"minecraft:mossy_cobblestone":1,"meds_and_herbs:plantago":3,"minecraft:granite":5,"minecraft:cobbled_deepslate_slab":2,"minecraft:grass_block":42,"minecraft:brown_wool":1,"minecraft:spruce_leaves":3,"dynamictrees:oak_leaves":1,"minecraft:furnace":4,"immersiveengineering:hemp":7,"minecraft:iron_ore":4,"minecraft:brown_bed":3,"minecraft:lantern":1,"minecraft:deepslate_brick_stairs":2,"dynamictrees:jungle_undergrowth_leaves":1,"minecraft:spruce_wood":1,"minecraft:bamboo":1,"minecraft:white_banner":1,"minecraft:stone":56,"minecraft:polished_deepslate_stairs":2,"meds_and_herbs:artemisia":2,"minecraft:dandelion":1,"minecraft:crafting_table":3,"minecraft:dark_oak_wood":2,"minecraft:tall_grass":3,"minecraft:cobblestone":1,"minecraft:oak_planks":1,"minecraft:wall_torch":1,"minecraft:cyan_wool":1,"minecraft:gray_wool":4,"minecraft:spruce_log":2,"k_turrets:titanium_ore":2,"minecraft:grass":18,"minecraft:coal_ore":20,"minecraft:gravel":1,"minecraft:dripstone_block":5,"minecraft:dirt":1,"minecraft:fern":1},"minecraft:killed":{"minecraft:spider":1,"grimoireofgaia:cobble_golem":1,"minecraft:phantom":1,"minecraft:skeleton":6,"grimoireofgaia:goblin":1,"hmag:zombie_girl":1,"minecraft:chicken":1,"grimoireofgaia:spriggan":2,"grimoireofgaia:bone_knight":1,"minecraft:sheep":2,"minecraft:pillager":4,"minecraft:zombie":21,"grimoireofgaia:harpy":4,"minecraft:cow":16},"minecraft:dropped":{"minecraft:wheat_seeds":1,"minecraft:crafting_table":1,"minecraft:dripstone_block":2,"minecraft:cobblestone":8,"meds_and_herbs:artemisia_seeds":2,"minecraft:leather":6,"minecraft:copper_ingot":1,"minecraft:stick":13,"minecraft:dirt":3,"minecraft:wooden_hoe":1,"minecraft:torch":1,"minecraft:yellow_dye":1,"werewolves:cracked_bone":1,"tombstone:grave_dust":3,"minecraft:iron_leggings":1,"minecraft:white_wool":12,"minecraft:gold_ingot":1,"meds_and_herbs:artemisia_leaves":7,"sophisticatedbackpacks:backpack":1,"minecraft:cobbled_deepslate_slab":1,"evilcraft:flesh_humanoid":1,"minecraft:diamond_sword":1,"thermal:tin_ingot":1,"meds_and_herbs:plantago_leaves":4},"minecraft:used":{"minecraft:stone_sword":61,"immersiveengineering:seed":6,"minecraft:chest":1,"minecraft:shield":34,"minecraft:iron_sword":10,"dynamictrees:oak_seed":7,"minecraft:torch":103,"minecraft:dirt":45,"scalinghealth:heart_crystal":4,"minecraft:granite":5,"minecraft:dark_oak_planks":8,"minecraft:lantern":1,"minecraft:iron_helmet":1,"dynamictrees:birch_seed":1,"evilcraft:flesh_humanoid":2,"minecraft:bow":5,"minecraft:furnace":6,"tombstone:gift":3,"grimoireofgaia:meat":1,"minecraft:cooked_beef":14,"minecraft:brown_bed":2,"minecraft:iron_leggings":1,"minecraft:pointed_dripstone":3,"minecraft:cooked_mutton":3,"minecraft:water_bucket":4,"minecraft:stone_pickaxe":69,"minecraft:oak_planks":16,"minecraft:wooden_pickaxe":9,"minecraft:diamond_axe":53,"meds_and_herbs:artemisia_seeds":9,"minecraft:crafting_table":9,"minecraft:white_bed":1,"minecraft:dripstone_block":1,"minecraft:wooden_hoe":9,"minecraft:diamond_shovel":38,"minecraft:chicken":1,"minecraft:bread":13,"minecraft:brown_wool":1,"minecraft:iron_pickaxe":29,"tombstone:grave_key":1,"minecraft:gravel":1,"minecraft:stone_axe":50,"minecraft:diamond_sword":83,"minecraft:cobblestone":12,"minecraft:chainmail_boots":1,"minecraft:bucket":5,"minecraft:bone_meal":7}},"DataVersion":3465}