{"stats":{"minecraft:custom":{"minecraft:time_since_rest":11294,"minecraft:crouch_one_cm":161,"minecraft:play_time":13640,"minecraft:sprint_one_cm":8688,"minecraft:walk_one_cm":13037,"minecraft:damage_taken":240,"minecraft:deaths":1,"minecraft:sneak_time":206,"minecraft:walk_under_water_one_cm":2541,"minecraft:drop":16,"minecraft:jump":44,"minecraft:damage_dealt":7,"minecraft:time_since_death":11829,"minecraft:walk_on_water_one_cm":717,"minecraft:total_world_time":13640,"minecraft:interact_with_crafting_table":1,"minecraft:fly_one_cm":10107},"minecraft:used":{"tombstone:gift":6},"minecraft:picked_up":{"minecraft:wheat":1},"minecraft:crafted":{"tombstone:grave_key":1},"minecraft:dropped":{"minecraft:gold_block":3,"tombstone:grave_dust":4,"minecraft:cobblestone":64,"minecraft:iron_ingot":32,"minecraft:iron_sword":1,"minecraft:apple":7,"minecraft:iron_axe":1,"minecraft:cooked_beef":17,"minecraft:saddle":2,"minecraft:blaze_rod":4,"minecraft:coal":32,"minecraft:wheat":1,"minecraft:flint_and_steel":1,"minecraft:stick":32,"minecraft:emerald":14},"minecraft:killed_by":{"werewolves:werewolf_survivalist":1}},"DataVersion":3465}