{"stats":{"minecraft:custom":{"minecraft:time_since_rest":11284,"minecraft:interact_with_furnace":1,"minecraft:damage_taken":1996,"minecraft:sprint_one_cm":61272,"minecraft:walk_one_cm":48494,"minecraft:damage_blocked_by_shield":152,"minecraft:mob_kills":7,"minecraft:drop":20,"minecraft:damage_dealt":1807,"minecraft:interact_with_crafting_table":1,"minecraft:talked_to_villager":3,"minecraft:fly_one_cm":92096,"minecraft:open_chest":6,"minecraft:crouch_one_cm":1364,"minecraft:play_time":37640,"tombstone:undead_killed":6,"minecraft:deaths":3,"minecraft:sneak_time":642,"minecraft:walk_under_water_one_cm":2541,"minecraft:jump":388,"minecraft:walk_on_water_one_cm":5472,"minecraft:time_since_death":11487,"minecraft:climb_one_cm":2710,"minecraft:total_world_time":37640,"minecraft:fall_one_cm":11621,"minecraft:horse_one_cm":4675},"minecraft:used":{"minecraft:water_bucket":4,"minecraft:iron_axe":7,"minecraft:bread":9,"minecraft:iron_pickaxe":8,"minecraft:shield":1,"minecraft:dirt":2,"minecraft:diamond_sword":24,"minecraft:cobblestone":3,"scalinghealth:heart_crystal":5,"minecraft:bucket":4,"tombstone:gift":6,"minecraft:egg":1},"minecraft:mined":{"minecraft:repeater":32,"minecraft:redstone_block":1,"minecraft:andesite":1,"minecraft:gold_block":2,"minecraft:grass":1,"minecraft:dirt_path":1,"minecraft:bookshelf":3,"minecraft:grass_block":1,"minecraft:lantern":1,"minecraft:redstone_wire":28,"minecraft:stone_bricks":1,"minecraft:redstone_lamp":2},"minecraft:picked_up":{"minecraft:wheat":1,"minecraft:redstone_block":1,"minecraft:repeater":32,"minecraft:redstone_lamp":1,"minecraft:gold_block":2,"minecraft:redstone":28,"minecraft:dirt":2,"minecraft:lantern":1,"immersiveengineering:seed":1,"minecraft:rotten_flesh":5,"minecraft:wheat_seeds":2,"guideapi_vp:vampirism-guidebook":1,"tombstone:bag_of_seeds":1,"scalinghealth:power_crystal_shard":8,"minecraft:yellow_terracotta":5,"minecraft:saddle":1,"minecraft:egg":1,"minecraft:book":9},"minecraft:crafted":{"tombstone:grave_key":1},"minecraft:dropped":{"minecraft:gold_block":3,"minecraft:redstone_lamp":1,"minecraft:iron_ingot":32,"minecraft:iron_sword":1,"minecraft:wheat_seeds":2,"minecraft:cooked_beef":17,"minecraft:blaze_rod":4,"minecraft:wheat":1,"minecraft:yellow_terracotta":5,"tombstone:grave_dust":4,"minecraft:cobblestone":64,"minecraft:apple":7,"minecraft:iron_axe":1,"minecraft:saddle":2,"immersiveengineering:seed":1,"minecraft:coal":32,"minecraft:flint_and_steel":1,"minecraft:stick":32,"minecraft:emerald":14},"minecraft:killed_by":{"minecraft:zombie_villager":1,"werewolves:werewolf_survivalist":1},"minecraft:killed":{"minecraft:zombie_villager":6}},"DataVersion":3465}