{"stats":{"minecraft:custom":{"minecraft:interact_with_furnace":1,"minecraft:mob_kills":9,"minecraft:interact_with_crafting_table":1,"minecraft:leave_game":1,"minecraft:time_since_death":21034,"minecraft:climb_one_cm":2710,"minecraft:time_since_rest":20831,"minecraft:sprint_one_cm":71013,"minecraft:damage_taken":1996,"minecraft:walk_one_cm":60884,"minecraft:damage_blocked_by_shield":152,"minecraft:drop":21,"minecraft:damage_dealt":2462,"minecraft:talked_to_villager":3,"minecraft:fly_one_cm":102374,"minecraft:open_chest":11,"minecraft:crouch_one_cm":1773,"minecraft:play_time":47187,"tombstone:undead_killed":6,"minecraft:deaths":3,"minecraft:sneak_time":854,"minecraft:walk_under_water_one_cm":2541,"minecraft:jump":442,"minecraft:walk_on_water_one_cm":5472,"minecraft:total_world_time":47187,"minecraft:fall_one_cm":11832,"minecraft:horse_one_cm":4675},"minecraft:used":{"minecraft:water_bucket":4,"minecraft:shield":1,"minecraft:dirt":2,"scalinghealth:heart_crystal":5,"minecraft:iron_axe":12,"minecraft:bread":9,"minecraft:iron_pickaxe":8,"minecraft:diamond_sword":27,"minecraft:cobblestone":6,"minecraft:bucket":4,"tombstone:gift":6,"minecraft:egg":1},"minecraft:mined":{"minecraft:redstone_block":1,"minecraft:grass_block":1,"minecraft:redstone_wire":28,"minecraft:repeater":32,"minecraft:andesite":1,"minecraft:white_wall_banner":1,"minecraft:gold_block":2,"minecraft:grass":1,"minecraft:bookshelf":3,"minecraft:dirt_path":1,"minecraft:lantern":1,"minecraft:stone_bricks":1,"minecraft:redstone_lamp":2},"minecraft:picked_up":{"minecraft:wheat":1,"minecraft:redstone_block":1,"minecraft:repeater":32,"minecraft:clay_ball":5,"minecraft:redstone_lamp":1,"minecraft:gold_block":2,"minecraft:dirt":2,"minecraft:lantern":1,"minecraft:white_banner":1,"minecraft:wheat_seeds":2,"guideapi_vp:vampirism-guidebook":1,"scalinghealth:power_crystal_shard":8,"tombstone:bag_of_seeds":1,"minecraft:book":9,"minecraft:egg":1,"scalinghealth:heart_crystal_shard":4,"minecraft:redstone":28,"minecraft:rotten_flesh":5,"immersiveengineering:seed":1,"minecraft:yellow_terracotta":5,"minecraft:saddle":1},"minecraft:crafted":{"minecraft:shield":1,"tombstone:grave_key":1},"minecraft:dropped":{"minecraft:iron_ingot":32,"minecraft:iron_sword":1,"minecraft:wheat_seeds":2,"minecraft:cooked_beef":17,"minecraft:blaze_rod":4,"minecraft:wheat":1,"minecraft:yellow_terracotta":5,"minecraft:cobblestone":64,"minecraft:apple":7,"minecraft:saddle":2,"guideapi_vp:vampirism-guidebook":1,"minecraft:coal":32,"minecraft:flint_and_steel":1,"minecraft:emerald":14,"minecraft:stick":32,"minecraft:gold_block":3,"minecraft:redstone_lamp":1,"tombstone:grave_dust":4,"minecraft:iron_axe":1,"immersiveengineering:seed":1},"minecraft:killed_by":{"minecraft:zombie_villager":1,"werewolves:werewolf_survivalist":1},"minecraft:killed":{"minecraft:zombie_villager":6,"golems:golem":1,"takesapillage:clay_golem":1}},"DataVersion":3465}