{"stats":{"minecraft:custom":{"minecraft:mob_kills":6,"minecraft:interact_with_crafting_table":11,"minecraft:time_since_death":13884,"minecraft:climb_one_cm":8542,"minecraft:sprint_one_cm":126537,"minecraft:walk_one_cm":291599,"minecraft:drop":25,"minecraft:talked_to_villager":1,"minecraft:play_time":88768,"minecraft:deaths":18,"minecraft:sneak_time":5463,"minecraft:walk_under_water_one_cm":50,"minecraft:jump":417,"minecraft:walk_on_water_one_cm":796,"minecraft:total_world_time":88768,"minecraft:interact_with_furnace":5,"minecraft:tune_noteblock":6,"minecraft:time_since_rest":12762,"minecraft:damage_taken":6207,"minecraft:damage_dealt":1617,"minecraft:fly_one_cm":58100,"minecraft:open_chest":35,"minecraft:crouch_one_cm":10430,"tombstone:undead_killed":5,"minecraft:fall_one_cm":8975,"minecraft:horse_one_cm":417119},"minecraft:used":{"minecraft:tropical_fish":4,"minecraft:iron_sword":17,"minecraft:wooden_shovel":2,"minecraft:torch":6,"farmersdelight:bacon":3,"minecraft:wooden_axe":44,"minecraft:lava_bucket":2,"minecraft:iron_axe":5,"tombstone:gift":3,"immersiveengineering:crate":11,"minecraft:cooked_beef":2,"minecraft:cooked_mutton":1,"minecraft:water_bucket":1,"minecraft:wooden_pickaxe":182,"minecraft:cookie":2,"minecraft:crafting_table":3,"minecraft:black_bed":1,"minecraft:wooden_sword":59,"minecraft:cobblestone":7,"minecraft:bucket":5,"alexsmobs:animal_dictionary":4,"minecraft:golden_pickaxe":83},"minecraft:mined":{"minecraft:yellow_terracotta":6,"minecraft:grass_block":1,"minecraft:brick_stairs":1,"minecraft:potted_bamboo":1,"minecraft:fire":27,"minecraft:pumpkin":8,"minecraft:lantern":2,"minecraft:green_carpet":1,"minecraft:stone":70,"minecraft:bone_block":31,"minecraft:orange_bed":1,"minecraft:acacia_leaves":1,"minecraft:glass_pane":8,"minecraft:melon_stem":1,"minecraft:crafting_table":1,"minecraft:torch":4,"minecraft:melon":5,"minecraft:chest":1,"minecraft:campfire":4,"minecraft:tall_grass":1,"minecraft:bricks":3,"minecraft:sugar_cane":2,"minecraft:wall_torch":1,"minecraft:wheat":161,"minecraft:lilac":1,"minecraft:stripped_oak_wood":1,"minecraft:black_bed":1,"minecraft:tnt":2,"minecraft:stone_brick_stairs":1,"minecraft:grass":30,"minecraft:acacia_fence":3,"minecraft:stone_bricks":1,"meds_and_herbs:aloe_plant":1,"immersiveengineering:crate":15},"minecraft:broken":{"minecraft:wooden_pickaxe":1,"minecraft:wooden_sword":1,"minecraft:golden_pickaxe":3,"minecraft:wooden_axe":1},"minecraft:picked_up":{"minecraft:charcoal":8,"minecraft:crafting_table":1,"minecraft:wheat":162,"minecraft:chicken":9,"minecraft:flower_pot":1,"minecraft:leather_leggings":1,"minecraft:gold_block":3,"minecraft:stone_brick_stairs":2,"minecraft:iron_axe":1,"minecraft:acacia_door":1,"minecraft:flint_and_steel":1,"minecraft:item_frame":3,"minecraft:armor_stand":1,"minecraft:experience_bottle":3,"mysticalagriculture:inferium_essence":2,"minecraft:spruce_planks":2,"immersiveengineering:crate":15,"meds_and_herbs:aloe_seeds":1,"dynamictrees:oak_seed":2,"minecraft:melon_slice":24,"minecraft:sugar_cane":3,"minecraft:chest":1,"minecraft:stick":65,"minecraft:acacia_fence":3,"minecraft:torch":5,"tombstone:grave_dust":2,"minecraft:golden_chestplate":1,"minecraft:tnt":2,"minecraft:orange_bed":1,"minecraft:arrow":3,"minecraft:rotten_flesh":3,"minecraft:yellow_terracotta":1,"alexsmobs:emu_egg":1,"minecraft:saddle":2,"minecraft:gold_ingot":1,"minecraft:brick_stairs":1,"minecraft:blaze_rod":4,"minecraft:bone_block":31,"minecraft:cobblestone":135,"minecraft:birch_log":4,"meds_and_herbs:aloe_leaves":8,"minecraft:lilac":1,"minecraft:leather_chestplate":1,"minecraft:cooked_beef":17,"minecraft:salmon":2,"minecraft:andesite":1,"minecraft:black_bed":1,"minecraft:leather":1,"minecraft:potato":8,"minecraft:oak_log":19,"minecraft:golden_boots":1,"minecraft:lantern":3,"minecraft:cooked_mutton":2,"minecraft:apple":11,"minecraft:stone_bricks":2,"minecraft:wheat_seeds":487,"minecraft:iron_ingot":34,"minecraft:stripped_oak_wood":2,"minecraft:bamboo":1,"minecraft:iron_sword":1,"meds_and_herbs:bark_acacia":15,"minecraft:book":14,"meds_and_herbs:aloe_fruits":4,"minecraft:pumpkin":8,"minecraft:lava_bucket":1,"minecraft:yellow_carpet":1,"minecraft:slime_ball":3,"immersiveengineering:seed":3,"meds_and_herbs:dressing_plantago":4,"butcher:butchersguidebook":2,"minecraft:emerald":15,"minecraft:bricks":3,"minecraft:coal":34},"minecraft:dropped":{"minecraft:birch_planks":7,"minecraft:lilac":1,"minecraft:saddle":2,"minecraft:coal":1,"minecraft:item_frame":1,"minecraft:stick":4,"minecraft:lava_bucket":1,"minecraft:bricks":3,"butcher:butchersguidebook":3,"minecraft:flower_pot":1,"minecraft:brick_stairs":1,"meds_and_herbs:aloe_seeds":1,"minecraft:spruce_planks":2,"minecraft:stone_bricks":2,"meds_and_herbs:aloe_leaves":4,"minecraft:stone_brick_stairs":2},"minecraft:crafted":{"minecraft:wooden_sword":1,"minecraft:oak_planks":76,"minecraft:bone_meal":31,"minecraft:wooden_shovel":1,"minecraft:crafting_table":2,"minecraft:wooden_pickaxe":1,"minecraft:golden_pickaxe":2,"minecraft:bucket":1,"minecraft:birch_planks":7,"minecraft:air":319,"minecraft:wooden_axe":1,"minecraft:gold_ingot":3,"minecraft:torch":16},"minecraft:killed_by":{"minecraft:zombie_villager":12,"minecraft:pillager":2,"grimoireofgaia:harpy":1,"werewolves:werewolf_survivalist":1},"minecraft:killed":{"minecraft:phantom":1,"specialmobs:zombie":1,"minecraft:zombie_villager":4}},"DataVersion":3465}