{"stats":{"minecraft:custom":{"minecraft:interact_with_furnace":5,"minecraft:mob_kills":6,"minecraft:interact_with_crafting_table":7,"minecraft:tune_noteblock":6,"minecraft:time_since_death":1884,"minecraft:climb_one_cm":8542,"minecraft:time_since_rest":762,"minecraft:sprint_one_cm":126504,"minecraft:damage_taken":6207,"minecraft:walk_one_cm":280235,"minecraft:drop":23,"minecraft:damage_dealt":1617,"minecraft:talked_to_villager":1,"minecraft:fly_one_cm":58100,"minecraft:open_chest":35,"minecraft:crouch_one_cm":10430,"minecraft:play_time":76768,"tombstone:undead_killed":5,"minecraft:deaths":18,"minecraft:sneak_time":5463,"minecraft:walk_under_water_one_cm":50,"minecraft:jump":409,"minecraft:walk_on_water_one_cm":796,"minecraft:total_world_time":76768,"minecraft:fall_one_cm":8975,"minecraft:horse_one_cm":240415},"minecraft:used":{"minecraft:cooked_mutton":1,"minecraft:water_bucket":1,"minecraft:tropical_fish":4,"minecraft:wooden_pickaxe":177,"minecraft:iron_sword":17,"minecraft:wooden_shovel":2,"minecraft:cookie":2,"minecraft:torch":4,"minecraft:crafting_table":1,"farmersdelight:bacon":3,"minecraft:black_bed":1,"minecraft:wooden_axe":44,"minecraft:lava_bucket":2,"minecraft:wooden_sword":59,"minecraft:cobblestone":1,"immersiveengineering:crate":7,"minecraft:bucket":5,"tombstone:gift":3,"alexsmobs:animal_dictionary":4,"minecraft:cooked_beef":2,"minecraft:golden_pickaxe":19},"minecraft:mined":{"minecraft:yellow_terracotta":6,"minecraft:glass_pane":8,"minecraft:melon_stem":1,"minecraft:torch":4,"minecraft:grass_block":1,"minecraft:melon":5,"minecraft:chest":1,"minecraft:brick_stairs":1,"minecraft:campfire":4,"minecraft:tall_grass":1,"minecraft:potted_bamboo":1,"minecraft:sugar_cane":2,"minecraft:bricks":3,"minecraft:wall_torch":1,"minecraft:wheat":161,"minecraft:fire":27,"minecraft:lilac":1,"minecraft:pumpkin":8,"minecraft:stripped_oak_wood":1,"minecraft:tnt":2,"minecraft:black_bed":1,"minecraft:stone_brick_stairs":1,"minecraft:grass":30,"minecraft:acacia_fence":3,"minecraft:lantern":2,"minecraft:green_carpet":1,"minecraft:stone_bricks":1,"minecraft:stone":1,"minecraft:orange_bed":1,"minecraft:bone_block":31,"meds_and_herbs:aloe_plant":1,"immersiveengineering:crate":11,"minecraft:acacia_leaves":1},"minecraft:broken":{"minecraft:wooden_sword":1,"minecraft:golden_pickaxe":1,"minecraft:wooden_axe":1},"minecraft:picked_up":{"meds_and_herbs:aloe_leaves":4,"minecraft:birch_log":4,"minecraft:cooked_beef":17,"minecraft:charcoal":8,"minecraft:leather_chestplate":1,"minecraft:wheat":162,"minecraft:lilac":1,"minecraft:leather":1,"minecraft:chicken":9,"minecraft:leather_leggings":1,"minecraft:andesite":1,"minecraft:salmon":2,"minecraft:black_bed":1,"minecraft:potato":8,"minecraft:gold_block":3,"minecraft:stone_brick_stairs":2,"minecraft:oak_log":19,"minecraft:golden_boots":1,"minecraft:lantern":3,"minecraft:iron_axe":1,"minecraft:acacia_door":1,"minecraft:flint_and_steel":1,"minecraft:armor_stand":1,"minecraft:cooked_mutton":2,"minecraft:item_frame":3,"minecraft:experience_bottle":3,"minecraft:apple":11,"minecraft:stone_bricks":2,"minecraft:wheat_seeds":487,"mysticalagriculture:inferium_essence":2,"minecraft:spruce_planks":2,"minecraft:iron_ingot":34,"immersiveengineering:crate":11,"minecraft:bamboo":1,"meds_and_herbs:aloe_seeds":1,"minecraft:stripped_oak_wood":2,"dynamictrees:oak_seed":2,"minecraft:melon_slice":24,"minecraft:sugar_cane":3,"minecraft:chest":1,"minecraft:iron_sword":1,"meds_and_herbs:bark_acacia":15,"minecraft:book":14,"minecraft:stick":65,"meds_and_herbs:aloe_fruits":4,"minecraft:acacia_fence":3,"minecraft:pumpkin":8,"minecraft:torch":5,"minecraft:lava_bucket":1,"tombstone:grave_dust":2,"minecraft:golden_chestplate":1,"minecraft:orange_bed":1,"minecraft:tnt":2,"minecraft:yellow_carpet":1,"minecraft:arrow":3,"minecraft:rotten_flesh":3,"minecraft:slime_ball":3,"immersiveengineering:seed":3,"meds_and_herbs:dressing_plantago":4,"butcher:butchersguidebook":2,"minecraft:gold_ingot":1,"minecraft:yellow_terracotta":1,"minecraft:saddle":2,"alexsmobs:emu_egg":1,"minecraft:emerald":15,"minecraft:brick_stairs":1,"minecraft:flower_pot":1,"minecraft:blaze_rod":4,"minecraft:coal":34,"minecraft:bricks":3,"minecraft:bone_block":31,"minecraft:cobblestone":66},"minecraft:dropped":{"minecraft:bricks":3,"minecraft:birch_planks":7,"minecraft:lilac":1,"minecraft:saddle":2,"minecraft:coal":1,"minecraft:item_frame":1,"minecraft:stick":4,"butcher:butchersguidebook":3,"minecraft:lava_bucket":1,"minecraft:brick_stairs":1,"meds_and_herbs:aloe_seeds":1,"minecraft:spruce_planks":2,"minecraft:stone_bricks":2,"minecraft:stone_brick_stairs":2},"minecraft:crafted":{"minecraft:wooden_sword":1,"minecraft:oak_planks":76,"minecraft:wooden_shovel":1,"minecraft:crafting_table":1,"minecraft:wooden_pickaxe":1,"minecraft:bone_meal":31,"minecraft:bucket":1,"minecraft:birch_planks":7,"minecraft:air":292,"minecraft:wooden_axe":1},"minecraft:killed_by":{"minecraft:zombie_villager":12,"grimoireofgaia:harpy":1,"minecraft:pillager":2,"werewolves:werewolf_survivalist":1},"minecraft:killed":{"minecraft:zombie_villager":4,"minecraft:phantom":1,"specialmobs:zombie":1}},"DataVersion":3465}