{"stats":{"minecraft:custom":{"minecraft:time_since_rest":307,"minecraft:interact_with_furnace":1,"minecraft:sprint_one_cm":30752,"minecraft:damage_taken":1320,"minecraft:walk_one_cm":49520,"minecraft:mob_kills":1,"minecraft:drop":3,"minecraft:damage_dealt":351,"minecraft:tune_noteblock":6,"minecraft:fly_one_cm":10137,"minecraft:interact_with_crafting_table":6,"minecraft:open_chest":4,"minecraft:crouch_one_cm":2748,"minecraft:play_time":16768,"tombstone:undead_killed":1,"minecraft:deaths":4,"minecraft:sneak_time":2536,"minecraft:jump":85,"minecraft:time_since_death":376,"minecraft:total_world_time":16768,"minecraft:climb_one_cm":5431,"minecraft:fall_one_cm":1453},"minecraft:used":{"minecraft:wooden_axe":5,"minecraft:wooden_pickaxe":38,"minecraft:wooden_shovel":2,"minecraft:wooden_sword":15,"minecraft:crafting_table":1,"alexsmobs:animal_dictionary":2,"minecraft:black_bed":1},"minecraft:mined":{"minecraft:lilac":1,"minecraft:black_bed":1,"minecraft:stone_brick_stairs":1,"minecraft:grass":1,"minecraft:chest":1,"minecraft:brick_stairs":1,"minecraft:lantern":1,"minecraft:bone_block":31,"minecraft:bricks":3},"minecraft:picked_up":{"minecraft:birch_log":4,"minecraft:stick":30,"minecraft:lilac":1,"minecraft:black_bed":1,"minecraft:stone_brick_stairs":1,"minecraft:oak_log":19,"minecraft:lantern":1,"minecraft:rotten_flesh":1,"minecraft:brick_stairs":1,"dynamictrees:oak_seed":2,"minecraft:chest":1,"minecraft:bricks":3,"minecraft:bone_block":31},"minecraft:dropped":{"minecraft:birch_planks":7,"minecraft:stick":4},"minecraft:crafted":{"minecraft:wooden_sword":1,"minecraft:oak_planks":76,"minecraft:wooden_shovel":1,"minecraft:crafting_table":1,"minecraft:wooden_pickaxe":1,"minecraft:wooden_axe":1,"minecraft:bone_meal":31,"minecraft:birch_planks":7,"minecraft:air":292},"minecraft:killed_by":{"minecraft:zombie_villager":2,"grimoireofgaia:harpy":1},"minecraft:killed":{"minecraft:zombie_villager":1}},"DataVersion":3465}