{"stats":{"minecraft:custom":{"minecraft:mob_kills":7,"minecraft:interact_with_crafting_table":28,"minecraft:damage_dealt_resisted":232,"minecraft:leave_game":2,"minecraft:time_since_death":72540,"minecraft:climb_one_cm":8542,"minecraft:sprint_one_cm":164574,"minecraft:walk_one_cm":474745,"minecraft:drop":30,"minecraft:talked_to_villager":1,"minecraft:play_time":147424,"minecraft:sneak_time":6737,"minecraft:deaths":18,"minecraft:walk_under_water_one_cm":1896,"minecraft:jump":584,"minecraft:walk_on_water_one_cm":10276,"minecraft:total_world_time":147424,"minecraft:interact_with_furnace":22,"minecraft:tune_noteblock":6,"minecraft:sleep_in_bed":1,"minecraft:time_since_rest":57534,"minecraft:damage_taken":6497,"minecraft:damage_dealt":2501,"minecraft:fly_one_cm":63876,"minecraft:open_chest":48,"minecraft:crouch_one_cm":13131,"tombstone:undead_killed":5,"minecraft:fall_one_cm":9244,"minecraft:horse_one_cm":419405},"minecraft:used":{"minecraft:tropical_fish":4,"minecraft:oak_sign":1,"minecraft:chest":7,"minecraft:iron_sword":38,"minecraft:wooden_shovel":60,"minecraft:orange_bed":1,"minecraft:torch":40,"minecraft:dirt":79,"minecraft:yellow_carpet":1,"farmersdelight:bacon":3,"minecraft:iron_hoe":76,"minecraft:wooden_axe":44,"minecraft:lava_bucket":2,"minecraft:iron_axe":37,"minecraft:item_frame":2,"minecraft:furnace":2,"minecraft:gold_block":1,"minecraft:acacia_fence":1,"tombstone:gift":3,"immersiveengineering:crate":15,"minecraft:potato":7,"minecraft:cooked_beef":2,"minecraft:wheat_seeds":96,"minecraft:cooked_mutton":1,"minecraft:water_bucket":4,"minecraft:wooden_pickaxe":182,"minecraft:cookie":2,"minecraft:yellow_terracotta":1,"minecraft:crafting_table":3,"minecraft:campfire":3,"minecraft:black_bed":1,"minecraft:spruce_log":9,"minecraft:iron_pickaxe":541,"minecraft:wooden_sword":59,"minecraft:cobblestone":67,"minecraft:chain":1,"minecraft:bucket":7,"meds_and_herbs:aloe_fruits":4,"alexsmobs:animal_dictionary":4,"minecraft:bone_meal":98,"minecraft:golden_pickaxe":137,"minecraft:experience_bottle":1},"minecraft:mined":{"minecraft:yellow_terracotta":6,"minecraft:grass_block":33,"minecraft:brick_stairs":1,"minecraft:potted_bamboo":1,"minecraft:chiseled_stone_bricks":2,"minecraft:magma_block":1,"minecraft:fire":27,"minecraft:pumpkin":8,"evilcraft:dark_ore":2,"minecraft:gold_block":1,"minecraft:potatoes":4,"minecraft:cobblestone_slab":2,"minecraft:vine":2,"minecraft:lantern":2,"minecraft:green_carpet":1,"minecraft:stone":507,"minecraft:bone_block":31,"minecraft:orange_bed":1,"minecraft:acacia_leaves":1,"minecraft:glass_pane":8,"minecraft:melon_stem":1,"minecraft:stone_brick_slab":3,"minecraft:crafting_table":1,"minecraft:torch":8,"minecraft:melon":5,"minecraft:chest":1,"minecraft:campfire":4,"minecraft:stone_slab":2,"minecraft:tall_grass":1,"minecraft:copper_ore":18,"minecraft:cobblestone":21,"minecraft:sugar_cane":2,"minecraft:bricks":3,"minecraft:wall_torch":20,"minecraft:chain":1,"minecraft:ice":1,"minecraft:wheat":162,"minecraft:lilac":1,"minecraft:spruce_log":23,"minecraft:stripped_oak_wood":1,"minecraft:tnt":2,"minecraft:black_bed":1,"minecraft:stone_brick_stairs":2,"k_turrets:titanium_ore":4,"minecraft:grass":33,"minecraft:coal_ore":25,"minecraft:acacia_fence":3,"minecraft:gravel":18,"minecraft:dirt":61,"minecraft:stone_bricks":4,"minecraft:netherrack":52,"meds_and_herbs:aloe_plant":1,"immersiveengineering:crate":15},"minecraft:broken":{"minecraft:wooden_shovel":1,"minecraft:wooden_pickaxe":1,"minecraft:wooden_sword":1,"minecraft:iron_pickaxe":2,"minecraft:golden_pickaxe":4,"minecraft:wooden_axe":1},"minecraft:picked_up":{"minecraft:charcoal":8,"minecraft:crafting_table":1,"minecraft:wheat":165,"minecraft:chicken":9,"minecraft:flower_pot":1,"minecraft:leather_leggings":1,"minecraft:lead":1,"minecraft:stone_slab":2,"minecraft:gold_block":4,"minecraft:stone_brick_stairs":3,"minecraft:chain":1,"minecraft:raw_copper":56,"minecraft:iron_axe":1,"minecraft:acacia_door":1,"meds_and_herbs:bark_spruce":27,"minecraft:flint_and_steel":1,"minecraft:item_frame":4,"minecraft:armor_stand":1,"minecraft:experience_bottle":3,"mysticalagriculture:inferium_essence":2,"minecraft:spruce_planks":2,"immersiveengineering:crate":15,"minecraft:cobblestone_slab":2,"meds_and_herbs:aloe_seeds":1,"dynamictrees:oak_seed":2,"minecraft:melon_slice":24,"minecraft:sugar_cane":3,"minecraft:chest":1,"minecraft:stick":65,"minecraft:acacia_fence":3,"minecraft:torch":32,"tombstone:grave_dust":2,"minecraft:golden_chestplate":1,"minecraft:tnt":2,"minecraft:orange_bed":1,"minecraft:arrow":3,"minecraft:rotten_flesh":3,"k_turrets:raw_titanium":4,"minecraft:yellow_terracotta":1,"alexsmobs:emu_egg":1,"minecraft:saddle":2,"minecraft:gold_ingot":1,"minecraft:brick_stairs":1,"minecraft:blaze_rod":4,"minecraft:bone_block":31,"minecraft:cobblestone":588,"minecraft:birch_log":4,"meds_and_herbs:aloe_leaves":8,"minecraft:cooked_beef":17,"minecraft:leather_chestplate":1,"vampirism:vampire_book":1,"vampirism:vampire_blood_bottle":2,"minecraft:lilac":1,"minecraft:andesite":1,"minecraft:salmon":2,"minecraft:black_bed":1,"minecraft:leather":1,"minecraft:potato":21,"minecraft:flint":2,"minecraft:oak_log":19,"minecraft:golden_boots":1,"minecraft:dirt":92,"minecraft:lantern":3,"minecraft:cooked_mutton":2,"minecraft:apple":11,"minecraft:stone_bricks":4,"minecraft:wheat_seeds":522,"minecraft:iron_ingot":34,"minecraft:stripped_oak_wood":2,"minecraft:bamboo":1,"minecraft:iron_sword":1,"meds_and_herbs:bark_acacia":15,"minecraft:book":14,"scalinghealth:heart_crystal_shard":8,"meds_and_herbs:aloe_fruits":4,"minecraft:pumpkin":8,"minecraft:chiseled_stone_bricks":1,"minecraft:stone_brick_slab":6,"minecraft:gravel":16,"minecraft:lava_bucket":1,"minecraft:spruce_log":21,"minecraft:yellow_carpet":1,"minecraft:slime_ball":3,"immersiveengineering:seed":4,"meds_and_herbs:dressing_plantago":4,"butcher:butchersguidebook":2,"evilcraft:dark_gem":9,"minecraft:emerald":15,"minecraft:netherrack":47,"minecraft:bricks":3,"minecraft:coal":59},"minecraft:dropped":{"minecraft:birch_planks":7,"minecraft:lilac":1,"minecraft:saddle":2,"minecraft:coal":1,"minecraft:item_frame":1,"minecraft:stick":4,"minecraft:lava_bucket":1,"minecraft:stone_brick_slab":6,"minecraft:gravel":12,"minecraft:bricks":3,"butcher:butchersguidebook":3,"minecraft:chiseled_stone_bricks":1,"minecraft:cobblestone_slab":2,"minecraft:flower_pot":1,"minecraft:brick_stairs":1,"meds_and_herbs:aloe_seeds":1,"minecraft:spruce_planks":2,"minecraft:stone_bricks":2,"meds_and_herbs:aloe_leaves":4,"minecraft:stone_brick_stairs":2},"minecraft:crafted":{"minecraft:wooden_sword":1,"minecraft:oak_planks":76,"minecraft:oak_sign":3,"minecraft:iron_nugget":9,"minecraft:cooked_chicken":1,"minecraft:chain":1,"minecraft:furnace":2,"minecraft:bone_meal":31,"minecraft:iron_hoe":1,"minecraft:chest":6,"minecraft:cooked_beef":2,"minecraft:wooden_shovel":1,"minecraft:cooked_porkchop":1,"minecraft:crafting_table":2,"minecraft:wooden_pickaxe":1,"minecraft:iron_helmet":1,"minecraft:golden_pickaxe":4,"minecraft:cooked_salmon":1,"minecraft:bucket":1,"minecraft:birch_planks":7,"minecraft:campfire":3,"minecraft:air":319,"minecraft:stick":4,"minecraft:iron_pickaxe":3,"minecraft:wooden_axe":1,"farmersdelight:cooked_bacon":6,"minecraft:gold_ingot":3,"minecraft:torch":16},"minecraft:killed_by":{"minecraft:zombie_villager":12,"minecraft:pillager":2,"grimoireofgaia:harpy":1,"werewolves:werewolf_survivalist":1},"minecraft:killed":{"vampirism:advanced_vampire":1,"minecraft:phantom":1,"specialmobs:zombie":1,"minecraft:zombie_villager":4}},"DataVersion":3465}