{"stats":{"minecraft:custom":{"minecraft:interact_with_furnace":3,"minecraft:mob_kills":6,"minecraft:interact_with_crafting_table":7,"minecraft:tune_noteblock":6,"minecraft:time_since_death":26933,"minecraft:climb_one_cm":8542,"minecraft:time_since_rest":25504,"minecraft:sprint_one_cm":96954,"minecraft:damage_taken":5348,"minecraft:walk_one_cm":206290,"minecraft:drop":20,"minecraft:damage_dealt":1478,"minecraft:talked_to_villager":1,"minecraft:fly_one_cm":40556,"minecraft:open_chest":29,"minecraft:crouch_one_cm":9177,"minecraft:play_time":52768,"tombstone:undead_killed":5,"minecraft:deaths":16,"minecraft:sneak_time":5172,"minecraft:walk_under_water_one_cm":50,"minecraft:jump":311,"minecraft:walk_on_water_one_cm":591,"minecraft:total_world_time":52768,"minecraft:fall_one_cm":8197,"minecraft:horse_one_cm":8095},"minecraft:used":{"minecraft:cooked_mutton":1,"minecraft:water_bucket":1,"minecraft:tropical_fish":4,"minecraft:wooden_pickaxe":67,"minecraft:wooden_shovel":2,"minecraft:cookie":2,"minecraft:torch":4,"minecraft:crafting_table":1,"farmersdelight:bacon":3,"minecraft:black_bed":1,"minecraft:wooden_axe":44,"minecraft:wooden_sword":59,"minecraft:cobblestone":1,"immersiveengineering:crate":4,"minecraft:bucket":3,"tombstone:gift":3,"alexsmobs:animal_dictionary":4,"minecraft:golden_pickaxe":15},"minecraft:mined":{"minecraft:glass_pane":6,"minecraft:torch":4,"minecraft:grass_block":1,"minecraft:melon":5,"minecraft:chest":1,"minecraft:brick_stairs":1,"minecraft:campfire":2,"minecraft:tall_grass":1,"minecraft:bricks":3,"minecraft:wall_torch":1,"minecraft:wheat":23,"minecraft:fire":22,"minecraft:lilac":1,"minecraft:pumpkin":8,"minecraft:stripped_oak_wood":1,"minecraft:tnt":2,"minecraft:black_bed":1,"minecraft:stone_brick_stairs":1,"minecraft:grass":5,"minecraft:lantern":2,"minecraft:green_carpet":1,"minecraft:stone_bricks":1,"minecraft:stone":1,"minecraft:bone_block":31,"immersiveengineering:crate":8},"minecraft:broken":{"minecraft:wooden_sword":1,"minecraft:wooden_axe":1},"minecraft:picked_up":{"minecraft:birch_log":4,"minecraft:charcoal":4,"minecraft:leather_chestplate":1,"minecraft:wheat":31,"minecraft:lilac":1,"minecraft:chicken":5,"minecraft:leather_leggings":1,"minecraft:andesite":1,"minecraft:salmon":2,"minecraft:black_bed":1,"minecraft:potato":4,"minecraft:stone_brick_stairs":2,"minecraft:oak_log":19,"minecraft:golden_boots":1,"minecraft:lantern":2,"minecraft:acacia_door":1,"minecraft:armor_stand":1,"minecraft:cooked_mutton":2,"minecraft:item_frame":3,"minecraft:experience_bottle":2,"minecraft:apple":4,"minecraft:stone_bricks":2,"minecraft:wheat_seeds":106,"mysticalagriculture:inferium_essence":2,"minecraft:spruce_planks":2,"minecraft:iron_ingot":2,"immersiveengineering:crate":8,"minecraft:stripped_oak_wood":2,"dynamictrees:oak_seed":2,"minecraft:melon_slice":24,"minecraft:chest":1,"meds_and_herbs:bark_acacia":15,"minecraft:book":13,"minecraft:stick":33,"minecraft:pumpkin":8,"minecraft:torch":5,"minecraft:lava_bucket":1,"tombstone:grave_dust":2,"minecraft:golden_chestplate":1,"minecraft:tnt":2,"minecraft:arrow":3,"minecraft:rotten_flesh":3,"minecraft:slime_ball":3,"immersiveengineering:seed":1,"meds_and_herbs:dressing_plantago":4,"butcher:butchersguidebook":2,"alexsmobs:emu_egg":1,"minecraft:emerald":1,"minecraft:brick_stairs":1,"minecraft:coal":2,"minecraft:bricks":3,"minecraft:bone_block":31,"minecraft:cobblestone":2},"minecraft:dropped":{"minecraft:bricks":3,"minecraft:birch_planks":7,"minecraft:lilac":1,"minecraft:coal":1,"minecraft:item_frame":1,"minecraft:stick":4,"butcher:butchersguidebook":3,"minecraft:lava_bucket":1,"minecraft:brick_stairs":1,"minecraft:spruce_planks":2,"minecraft:stone_bricks":2,"minecraft:stone_brick_stairs":2},"minecraft:crafted":{"minecraft:wooden_sword":1,"minecraft:oak_planks":76,"minecraft:wooden_shovel":1,"minecraft:crafting_table":1,"minecraft:wooden_pickaxe":1,"minecraft:bone_meal":31,"minecraft:bucket":1,"minecraft:birch_planks":7,"minecraft:air":292,"minecraft:wooden_axe":1},"minecraft:killed_by":{"minecraft:zombie_villager":12,"grimoireofgaia:harpy":1,"minecraft:pillager":2},"minecraft:killed":{"minecraft:zombie_villager":4,"minecraft:phantom":1,"specialmobs:zombie":1}},"DataVersion":3465}