{"stats":{"minecraft:custom":{"minecraft:time_since_rest":1504,"minecraft:interact_with_furnace":1,"minecraft:sprint_one_cm":52922,"minecraft:damage_taken":4953,"minecraft:walk_one_cm":97199,"minecraft:mob_kills":5,"minecraft:drop":3,"minecraft:damage_dealt":1276,"minecraft:tune_noteblock":6,"minecraft:fly_one_cm":30983,"minecraft:interact_with_crafting_table":7,"minecraft:open_chest":4,"minecraft:crouch_one_cm":8312,"minecraft:play_time":28768,"minecraft:walk_under_water_one_cm":50,"tombstone:undead_killed":4,"minecraft:deaths":16,"minecraft:sneak_time":4937,"minecraft:jump":218,"minecraft:walk_on_water_one_cm":479,"minecraft:time_since_death":2933,"minecraft:total_world_time":28768,"minecraft:climb_one_cm":8542,"minecraft:fall_one_cm":5681},"minecraft:used":{"minecraft:water_bucket":1,"minecraft:wooden_axe":6,"minecraft:wooden_pickaxe":40,"minecraft:wooden_shovel":2,"minecraft:cobblestone":1,"minecraft:wooden_sword":58,"minecraft:crafting_table":1,"minecraft:bucket":2,"tombstone:gift":3,"alexsmobs:animal_dictionary":2,"minecraft:black_bed":1},"minecraft:mined":{"minecraft:wheat":22,"minecraft:lilac":1,"minecraft:stripped_oak_wood":1,"minecraft:black_bed":1,"minecraft:stone_brick_stairs":1,"minecraft:grass":2,"minecraft:chest":1,"minecraft:brick_stairs":1,"minecraft:lantern":1,"minecraft:stone":1,"minecraft:stone_bricks":1,"minecraft:bone_block":31,"minecraft:bricks":3},"minecraft:picked_up":{"minecraft:book":9,"minecraft:birch_log":4,"minecraft:wheat":30,"minecraft:stick":30,"minecraft:lilac":1,"minecraft:black_bed":1,"minecraft:stone_brick_stairs":1,"minecraft:oak_log":19,"minecraft:lantern":1,"minecraft:rotten_flesh":3,"minecraft:stone_bricks":1,"minecraft:wheat_seeds":81,"mysticalagriculture:inferium_essence":2,"minecraft:spruce_planks":2,"minecraft:stripped_oak_wood":2,"minecraft:brick_stairs":1,"dynamictrees:oak_seed":2,"minecraft:chest":1,"minecraft:bricks":3,"minecraft:bone_block":31,"minecraft:cobblestone":1},"minecraft:dropped":{"minecraft:birch_planks":7,"minecraft:stick":4},"minecraft:crafted":{"minecraft:wooden_sword":1,"minecraft:oak_planks":76,"minecraft:wooden_shovel":1,"minecraft:crafting_table":1,"minecraft:wooden_pickaxe":1,"minecraft:wooden_axe":1,"minecraft:bucket":1,"minecraft:bone_meal":31,"minecraft:birch_planks":7,"minecraft:air":292},"minecraft:killed_by":{"minecraft:zombie_villager":12,"grimoireofgaia:harpy":1,"minecraft:pillager":2},"minecraft:killed":{"minecraft:zombie_villager":4,"minecraft:phantom":1}},"DataVersion":3465}