{"stats":{"minecraft:custom":{"minecraft:interact_with_furnace":1,"minecraft:mob_kills":5,"minecraft:interact_with_crafting_table":7,"minecraft:tune_noteblock":6,"minecraft:time_since_death":14933,"minecraft:climb_one_cm":8542,"minecraft:time_since_rest":13504,"minecraft:sprint_one_cm":66401,"minecraft:damage_taken":4963,"minecraft:walk_one_cm":159928,"minecraft:drop":18,"minecraft:damage_dealt":1276,"minecraft:talked_to_villager":1,"minecraft:fly_one_cm":33939,"minecraft:open_chest":14,"minecraft:crouch_one_cm":9052,"minecraft:play_time":40768,"tombstone:undead_killed":4,"minecraft:deaths":16,"minecraft:sneak_time":5072,"minecraft:walk_under_water_one_cm":50,"minecraft:jump":256,"minecraft:walk_on_water_one_cm":558,"minecraft:total_world_time":40768,"minecraft:fall_one_cm":6637,"minecraft:horse_one_cm":8095},"minecraft:used":{"minecraft:water_bucket":1,"minecraft:wooden_pickaxe":64,"minecraft:wooden_shovel":2,"minecraft:crafting_table":1,"minecraft:black_bed":1,"minecraft:wooden_axe":33,"minecraft:wooden_sword":59,"minecraft:cobblestone":1,"minecraft:bucket":2,"tombstone:gift":3,"alexsmobs:animal_dictionary":4},"minecraft:mined":{"minecraft:torch":1,"minecraft:grass_block":1,"minecraft:melon":5,"minecraft:chest":1,"minecraft:brick_stairs":1,"minecraft:tall_grass":1,"minecraft:bricks":3,"minecraft:wheat":23,"minecraft:fire":22,"minecraft:lilac":1,"minecraft:pumpkin":8,"minecraft:stripped_oak_wood":1,"minecraft:tnt":2,"minecraft:black_bed":1,"minecraft:stone_brick_stairs":1,"minecraft:grass":3,"minecraft:lantern":1,"minecraft:stone_bricks":1,"minecraft:stone":1,"minecraft:bone_block":31,"immersiveengineering:crate":2},"minecraft:broken":{"minecraft:wooden_sword":1},"minecraft:picked_up":{"minecraft:birch_log":4,"minecraft:wheat":31,"minecraft:lilac":1,"minecraft:salmon":1,"minecraft:black_bed":1,"minecraft:stone_brick_stairs":2,"minecraft:oak_log":19,"minecraft:lantern":1,"minecraft:armor_stand":1,"minecraft:cooked_mutton":1,"minecraft:item_frame":1,"minecraft:experience_bottle":1,"minecraft:apple":2,"minecraft:stone_bricks":2,"minecraft:wheat_seeds":84,"mysticalagriculture:inferium_essence":2,"minecraft:spruce_planks":2,"immersiveengineering:crate":2,"minecraft:stripped_oak_wood":2,"dynamictrees:oak_seed":2,"minecraft:melon_slice":24,"minecraft:chest":1,"meds_and_herbs:bark_acacia":7,"minecraft:book":11,"minecraft:stick":30,"minecraft:pumpkin":8,"minecraft:torch":1,"minecraft:golden_chestplate":1,"minecraft:tnt":2,"minecraft:arrow":3,"minecraft:rotten_flesh":3,"butcher:butchersguidebook":2,"alexsmobs:emu_egg":1,"minecraft:emerald":1,"minecraft:brick_stairs":1,"minecraft:bricks":3,"minecraft:bone_block":31,"minecraft:cobblestone":2},"minecraft:dropped":{"minecraft:bricks":3,"minecraft:birch_planks":7,"minecraft:lilac":1,"minecraft:item_frame":1,"minecraft:stick":4,"butcher:butchersguidebook":3,"minecraft:brick_stairs":1,"minecraft:spruce_planks":2,"minecraft:stone_bricks":2,"minecraft:stone_brick_stairs":2},"minecraft:crafted":{"minecraft:wooden_sword":1,"minecraft:oak_planks":76,"minecraft:wooden_shovel":1,"minecraft:crafting_table":1,"minecraft:wooden_pickaxe":1,"minecraft:bone_meal":31,"minecraft:bucket":1,"minecraft:birch_planks":7,"minecraft:air":292,"minecraft:wooden_axe":1},"minecraft:killed_by":{"minecraft:zombie_villager":12,"grimoireofgaia:harpy":1,"minecraft:pillager":2},"minecraft:killed":{"minecraft:zombie_villager":4,"minecraft:phantom":1}},"DataVersion":3465}