{"stats":{"minecraft:custom":{"minecraft:jump":6,"minecraft:time_since_rest":12963,"minecraft:crouch_one_cm":279,"minecraft:leave_game":1,"minecraft:interact_with_furnace":1,"minecraft:play_time":12963,"minecraft:time_since_death":12963,"minecraft:walk_one_cm":10001,"minecraft:sneak_time":83,"minecraft:total_world_time":12963,"minecraft:climb_one_cm":712,"minecraft:interact_with_crafting_table":3},"minecraft:used":{"minecraft:wooden_axe":24,"minecraft:wooden_pickaxe":23},"minecraft:mined":{"minecraft:dark_oak_wood":28,"minecraft:bone_block":23},"minecraft:picked_up":{"minecraft:dark_oak_wood":26,"minecraft:bone_block":23},"minecraft:crafted":{"minecraft:dark_oak_planks":16,"minecraft:stick":4,"minecraft:wooden_pickaxe":1,"minecraft:air":126,"minecraft:bone_meal":14,"minecraft:wooden_axe":1}},"DataVersion":3465}