{"stats":{"minecraft:custom":{"minecraft:interact_with_furnace":1,"minecraft:mob_kills":1,"tombstone:raider_killed":1,"minecraft:interact_with_crafting_table":7,"minecraft:tune_noteblock":37,"minecraft:time_since_death":7471,"minecraft:climb_one_cm":6145,"minecraft:time_since_rest":6527,"minecraft:sprint_one_cm":97321,"minecraft:damage_taken":2489,"minecraft:walk_one_cm":58146,"minecraft:drop":8,"minecraft:damage_dealt":317,"minecraft:swim_one_cm":1077,"minecraft:fly_one_cm":102002,"minecraft:crouch_one_cm":2788,"minecraft:play_time":28364,"minecraft:deaths":8,"minecraft:sneak_time":649,"minecraft:walk_under_water_one_cm":190,"minecraft:jump":582,"minecraft:walk_on_water_one_cm":1729,"minecraft:total_world_time":28364,"minecraft:fall_one_cm":8452},"minecraft:used":{"vampirism:fire_place":1,"minecraft:stone_pickaxe":17,"minecraft:wooden_pickaxe":15,"minecraft:stone_hoe":1,"minecraft:dirt":21,"minecraft:wooden_axe":1,"vampirism:item_tent":1,"minecraft:bread":1,"minecraft:gravel":19,"minecraft:stone_axe":27,"minecraft:cobblestone":3,"minecraft:furnace":1,"farmersdelight:cooking_pot":1,"tombstone:gift":2,"alexsmobs:animal_dictionary":1},"minecraft:mined":{"farmersdelight:cooking_pot":1,"meds_and_herbs:wild_vinca":1,"minecraft:spruce_planks":2,"meds_and_herbs:plantago":6,"minecraft:grass_block":10,"minecraft:campfire":1,"minecraft:furnace":1,"werewolves:wolfsbane":8,"minecraft:wheat":11,"minecraft:andesite":1,"minecraft:stripped_oak_wood":1,"vampirism:tent":1,"minecraft:grass":7,"minecraft:bookshelf":20,"vampirism:fire_place":1,"minecraft:gravel":42,"minecraft:dirt":11,"minecraft:stone":23,"minecraft:bone_block":7,"minecraft:spruce_slab":1},"minecraft:picked_up":{"minecraft:birch_log":6,"minecraft:charcoal":2,"minecraft:wheat":11,"vampirism:item_tent":1,"minecraft:andesite":2,"minecraft:birch_planks":7,"minecraft:oak_log":8,"minecraft:dirt":21,"farmersdelight:cooking_pot":1,"minecraft:wheat_seeds":28,"mysticalagriculture:inferium_essence":1,"minecraft:spruce_planks":2,"meds_and_herbs:plantago_leaves":18,"dynamictrees:birch_seed":2,"minecraft:stripped_oak_wood":1,"dynamictrees:oak_seed":2,"minecraft:spruce_slab":1,"minecraft:furnace":1,"minecraft:book":51,"minecraft:stick":22,"meds_and_herbs:seeds_vinca":1,"vampirism:fire_place":1,"minecraft:gravel":44,"werewolves:wolfsbane":8,"meds_and_herbs:vinca_leaves":2,"minecraft:coal":1,"minecraft:bone_block":6,"minecraft:cobblestone":23},"minecraft:crafted":{"minecraft:oak_planks":32,"minecraft:stone_shovel":1,"minecraft:wooden_pickaxe":1,"minecraft:furnace":1,"minecraft:stone_axe":1,"minecraft:bread":3,"minecraft:air":13,"minecraft:purple_dye":8,"minecraft:stone_pickaxe":2,"minecraft:wooden_axe":1,"minecraft:stone_hoe":1,"meds_and_herbs:dressing_plantago":6},"minecraft:dropped":{"minecraft:gravel":25,"minecraft:stick":1,"minecraft:spruce_planks":2,"minecraft:andesite":1,"minecraft:wooden_axe":1,"minecraft:wooden_pickaxe":1,"minecraft:stripped_oak_wood":1},"minecraft:killed_by":{"minecraft:zombie_villager":5,"minecraft:pillager":1,"alexsmobs:grizzly_bear":1},"minecraft:killed":{"minecraft:pillager":1}},"DataVersion":3465}