{"stats":{"minecraft:custom":{"minecraft:interact_with_furnace":1,"minecraft:mob_kills":1,"tombstone:raider_killed":1,"minecraft:interact_with_crafting_table":7,"minecraft:tune_noteblock":37,"minecraft:interact_with_grindstone":1,"minecraft:time_since_death":9873,"minecraft:climb_one_cm":6924,"minecraft:time_since_rest":7522,"minecraft:sprint_one_cm":144336,"minecraft:damage_taken":2892,"minecraft:walk_one_cm":78484,"minecraft:drop":22,"minecraft:damage_dealt":317,"minecraft:talked_to_villager":4,"minecraft:swim_one_cm":6966,"minecraft:fly_one_cm":163014,"minecraft:open_chest":4,"minecraft:crouch_one_cm":2788,"minecraft:play_time":40364,"minecraft:deaths":9,"minecraft:sneak_time":649,"minecraft:walk_under_water_one_cm":332,"minecraft:jump":824,"minecraft:walk_on_water_one_cm":2260,"minecraft:total_world_time":40364,"minecraft:fall_one_cm":14821},"minecraft:used":{"minecraft:golden_boots":1,"vampirism:fire_place":1,"minecraft:stone_pickaxe":23,"minecraft:wooden_pickaxe":15,"minecraft:fletching_table":1,"minecraft:stone_hoe":1,"minecraft:dirt":21,"minecraft:wooden_axe":1,"vampirism:item_tent":1,"farmersdelight:tomato":2,"minecraft:bread":1,"minecraft:gravel":19,"minecraft:stone_axe":28,"minecraft:cobblestone":3,"minecraft:furnace":1,"farmersdelight:cooking_pot":1,"tombstone:gift":3,"alexsmobs:animal_dictionary":1,"minecraft:iron_leggings":1},"minecraft:mined":{"farmersdelight:cooking_pot":1,"meds_and_herbs:wild_vinca":1,"minecraft:spruce_planks":2,"meds_and_herbs:plantago":6,"minecraft:grass_block":10,"minecraft:campfire":1,"minecraft:coal_block":6,"minecraft:tall_grass":1,"minecraft:wall_torch":1,"minecraft:furnace":1,"werewolves:wolfsbane":8,"minecraft:wheat":31,"minecraft:andesite":1,"minecraft:stripped_oak_wood":1,"minecraft:fletching_table":1,"vampirism:tent":1,"minecraft:grass":9,"minecraft:bookshelf":20,"vampirism:fire_place":1,"minecraft:gravel":42,"minecraft:dirt":11,"minecraft:stone":23,"minecraft:bone_block":7,"minecraft:spruce_slab":1},"minecraft:picked_up":{"minecraft:birch_log":6,"minecraft:charcoal":2,"minecraft:leather_chestplate":2,"minecraft:wheat":34,"vampirism:item_tent":1,"minecraft:andesite":2,"minecraft:leather_leggings":1,"minecraft:birch_planks":7,"minecraft:oak_log":8,"minecraft:golden_boots":1,"farmersdelight:tomato":2,"minecraft:dirt":21,"minecraft:iron_leggings":1,"minecraft:armor_stand":2,"farmersdelight:cooking_pot":1,"minecraft:wheat_seeds":85,"mysticalagriculture:inferium_essence":1,"minecraft:spruce_planks":2,"minecraft:iron_ingot":1,"meds_and_herbs:plantago_leaves":18,"dynamictrees:birch_seed":2,"minecraft:stripped_oak_wood":1,"dynamictrees:oak_seed":2,"minecraft:fletching_table":1,"minecraft:spruce_slab":1,"minecraft:coal_block":6,"minecraft:iron_sword":1,"minecraft:furnace":1,"minecraft:book":51,"minecraft:stick":25,"meds_and_herbs:seeds_vinca":1,"vampirism:fire_place":1,"minecraft:gravel":44,"werewolves:wolfsbane":8,"minecraft:chainmail_leggings":1,"meds_and_herbs:vinca_leaves":2,"minecraft:iron_helmet":1,"minecraft:gold_ingot":1,"minecraft:chainmail_helmet":1,"minecraft:coal":2,"minecraft:bone_block":6,"minecraft:cobblestone":23},"minecraft:crafted":{"minecraft:oak_planks":32,"minecraft:stone_shovel":1,"minecraft:wooden_pickaxe":1,"minecraft:furnace":1,"minecraft:stone_axe":1,"minecraft:bread":3,"minecraft:air":69,"minecraft:purple_dye":8,"minecraft:stick":14,"minecraft:stone_pickaxe":2,"minecraft:wooden_axe":1,"minecraft:stone_hoe":1,"meds_and_herbs:dressing_plantago":6},"minecraft:dropped":{"minecraft:gravel":25,"minecraft:wheat_seeds":21,"dynamictrees:oak_seed":3,"dynamictrees:birch_seed":2,"minecraft:oak_planks":1,"meds_and_herbs:vinca_leaves":2,"minecraft:coal":1,"minecraft:stick":7,"minecraft:leather_chestplate":2,"minecraft:spruce_planks":2,"minecraft:andesite":2,"minecraft:wooden_axe":1,"minecraft:leather_leggings":1,"meds_and_herbs:dressing_plantago":4,"minecraft:wooden_pickaxe":1,"minecraft:stripped_oak_wood":1,"minecraft:golden_boots":1},"minecraft:killed_by":{"minecraft:zombie_villager":6,"minecraft:pillager":1,"alexsmobs:grizzly_bear":1},"minecraft:killed":{"minecraft:pillager":1}},"DataVersion":3465}