{"stats":{"minecraft:custom":{"minecraft:mob_kills":7,"minecraft:interact_with_crafting_table":7,"minecraft:damage_dealt_resisted":190,"minecraft:leave_game":1,"minecraft:time_since_death":28753,"minecraft:climb_one_cm":6924,"minecraft:sprint_one_cm":265690,"minecraft:walk_one_cm":195532,"minecraft:drop":34,"minecraft:talked_to_villager":12,"minecraft:play_time":80070,"minecraft:deaths":10,"minecraft:sneak_time":726,"minecraft:walk_under_water_one_cm":390,"minecraft:jump":1224,"minecraft:walk_on_water_one_cm":11185,"minecraft:total_world_time":80070,"minecraft:interact_with_furnace":4,"tombstone:raider_killed":1,"minecraft:tune_noteblock":37,"vampirism:interact_with_research_table":3,"minecraft:interact_with_grindstone":2,"minecraft:sleep_in_bed":1,"minecraft:time_since_rest":27792,"minecraft:damage_taken":3893,"minecraft:damage_dealt":1857,"minecraft:swim_one_cm":7209,"minecraft:fly_one_cm":251136,"minecraft:open_chest":19,"minecraft:crouch_one_cm":3308,"tombstone:undead_killed":1,"minecraft:interact_with_smoker":1,"minecraft:fall_one_cm":20127,"minecraft:horse_one_cm":40074},"minecraft:used":{"minecraft:stone_shovel":1,"minecraft:iron_sword":36,"minecraft:stone_hoe":77,"minecraft:torch":4,"minecraft:dirt":21,"minecraft:wooden_axe":1,"vampirism:item_tent":1,"farmersdelight:tomato":2,"minecraft:hay_block":1,"minecraft:furnace":1,"farmersdelight:cooking_pot":1,"tombstone:gift":3,"immersiveengineering:crate":2,"minecraft:iron_leggings":1,"minecraft:golden_boots":1,"vampirism:fire_place":1,"minecraft:stone_pickaxe":28,"minecraft:wooden_pickaxe":15,"minecraft:fletching_table":1,"farmersdelight:organic_compost":1,"vampirism:hunter_table":1,"minecraft:bread":11,"minecraft:gravel":19,"minecraft:stone_axe":69,"minecraft:cobblestone":3,"alexsmobs:animal_dictionary":1,"minecraft:experience_bottle":1},"minecraft:mined":{"minecraft:spruce_planks":2,"minecraft:stone_pressure_plate":1,"minecraft:white_bed":1,"meds_and_herbs:plantago":6,"minecraft:grass_block":10,"minecraft:coal_block":6,"minecraft:spruce_leaves":1,"vampirism:hunter_table":1,"minecraft:hay_block":77,"minecraft:furnace":4,"minecraft:fire":3,"werewolves:wolfsbane":8,"minecraft:andesite":1,"minecraft:fletching_table":2,"vampirism:tent":1,"minecraft:bookshelf":28,"domesticationinnovation:pet_bed_red":1,"minecraft:stone":23,"minecraft:bone_block":7,"immersiveengineering:craftingtable":1,"minecraft:spruce_slab":1,"farmersdelight:cooking_pot":1,"meds_and_herbs:wild_vinca":1,"farmersdelight:organic_compost":1,"minecraft:smoker":1,"vampirism:altar_cleansing":1,"minecraft:dandelion":1,"minecraft:melon":6,"minecraft:campfire":2,"minecraft:glass":4,"minecraft:tall_grass":1,"minecraft:wall_torch":2,"minecraft:wheat":31,"minecraft:stripped_oak_wood":1,"minecraft:grass":12,"vampirism:fire_place":1,"minecraft:dirt":11,"minecraft:gravel":42,"immersiveengineering:crate":6},"minecraft:picked_up":{"minecraft:charcoal":4,"minecraft:wheat":34,"minecraft:leather_leggings":1,"immersiveengineering:craftingtable":1,"minecraft:iron_leggings":1,"minecraft:armor_stand":2,"minecraft:item_frame":3,"minecraft:experience_bottle":1,"mysticalagriculture:inferium_essence":2,"minecraft:spruce_planks":2,"meds_and_herbs:plantago_leaves":18,"immersiveengineering:crate":6,"minecraft:iron_nugget":1,"dynamictrees:oak_seed":2,"werewolves:pelt":2,"minecraft:spruce_slab":1,"minecraft:coal_block":6,"minecraft:melon_slice":29,"minecraft:sugar_cane":2,"minecraft:furnace":4,"minecraft:stick":25,"domesticationinnovation:pet_bed_red":1,"minecraft:torch":2,"minecraft:porkchop":2,"werewolves:wolfsbane":8,"minecraft:stone_button":1,"minecraft:stone_pressure_plate":3,"minecraft:brown_carpet":1,"vampirism:hunter_table":1,"minecraft:hay_block":77,"minecraft:saddle":1,"minecraft:gold_ingot":1,"minecraft:bone_block":6,"minecraft:cobblestone":23,"minecraft:birch_log":6,"minecraft:leather_chestplate":2,"minecraft:feather":3,"vampirism:item_tent":1,"minecraft:andesite":2,"minecraft:smoker":1,"minecraft:birch_planks":7,"minecraft:oak_log":8,"minecraft:golden_boots":1,"minecraft:gunpowder":2,"minecraft:dirt":21,"farmersdelight:tomato":2,"minecraft:lantern":1,"farmersdelight:organic_compost":1,"farmersdelight:cooking_pot":1,"minecraft:wheat_seeds":89,"dynamictrees:birch_seed":2,"minecraft:iron_ingot":3,"minecraft:stone_pickaxe":1,"scalinghealth:power_crystal_shard":3,"minecraft:stripped_oak_wood":1,"minecraft:fletching_table":2,"vampirism:altar_cleansing":1,"minecraft:iron_sword":1,"minecraft:stone_hoe":1,"meds_and_herbs:bark_acacia":4,"minecraft:book":75,"meds_and_herbs:seeds_vinca":1,"minecraft:cooked_porkchop":2,"vampirism:fire_place":1,"minecraft:gravel":44,"minecraft:white_bed":1,"immersiveengineering:seed":2,"meds_and_herbs:dressing_plantago":2,"minecraft:stone_axe":1,"meds_and_herbs:vinca_leaves":2,"minecraft:chainmail_leggings":1,"minecraft:iron_helmet":1,"minecraft:spruce_sign":1,"minecraft:chainmail_helmet":1,"werewolves:cracked_bone":1,"minecraft:melon_seeds":2,"minecraft:coal":66},"minecraft:crafted":{"minecraft:oak_planks":32,"minecraft:stone_shovel":1,"minecraft:furnace":1,"minecraft:stone_pickaxe":2,"minecraft:stone_hoe":1,"minecraft:wooden_pickaxe":1,"minecraft:stone_axe":1,"minecraft:bread":3,"minecraft:air":69,"minecraft:purple_dye":8,"minecraft:stick":14,"minecraft:wooden_axe":1,"meds_and_herbs:dressing_plantago":6},"minecraft:dropped":{"minecraft:golden_boots":1,"minecraft:wheat_seeds":85,"dynamictrees:birch_seed":2,"minecraft:chainmail_helmet":1,"minecraft:coal":1,"minecraft:stick":7,"minecraft:wooden_axe":1,"minecraft:stripped_oak_wood":1,"minecraft:armor_stand":2,"minecraft:gravel":25,"minecraft:stone_axe":1,"dynamictrees:oak_seed":3,"meds_and_herbs:vinca_leaves":2,"minecraft:oak_planks":1,"minecraft:iron_boots":1,"evilcraft:flesh_humanoid":1,"minecraft:leather_chestplate":2,"minecraft:spruce_planks":2,"minecraft:andesite":2,"minecraft:leather_leggings":1,"minecraft:stone_pressure_plate":3,"meds_and_herbs:dressing_plantago":8,"minecraft:stone_pickaxe":1,"minecraft:wooden_pickaxe":1,"immersiveengineering:seed":1,"domesticationinnovation:collar_tag":1},"minecraft:killed_by":{"minecraft:zombie_villager":6,"minecraft:pillager":1,"alexsmobs:grizzly_bear":1,"werewolves:werewolf_survivalist":1},"minecraft:killed":{"specialmobs:zombie":1,"minecraft:pillager":1,"grimoireofgaia:harpy":1,"alexsmobs:crow":1,"specialmobs:deathcreeper":1,"werewolves:werewolf_survivalist":2}},"DataVersion":3465}