{"stats":{"minecraft:custom":{"minecraft:time_since_rest":1,"minecraft:sprint_one_cm":47598,"minecraft:damage_taken":1450,"minecraft:walk_one_cm":28362,"minecraft:drop":5,"minecraft:damage_dealt":20,"minecraft:swim_one_cm":1077,"minecraft:interact_with_crafting_table":5,"minecraft:fly_one_cm":67327,"minecraft:crouch_one_cm":605,"minecraft:play_time":16364,"minecraft:deaths":5,"minecraft:sneak_time":179,"minecraft:walk_under_water_one_cm":190,"minecraft:jump":336,"minecraft:time_since_death":722,"minecraft:walk_on_water_one_cm":1729,"minecraft:climb_one_cm":332,"minecraft:total_world_time":16364,"minecraft:fall_one_cm":5201},"minecraft:used":{"minecraft:wooden_axe":1,"minecraft:wooden_pickaxe":15,"minecraft:gravel":19,"minecraft:stone_axe":1,"minecraft:dirt":7,"tombstone:gift":2,"alexsmobs:animal_dictionary":1},"minecraft:mined":{"meds_and_herbs:wild_vinca":1,"minecraft:wheat":11,"werewolves:wolfsbane":8,"meds_and_herbs:plantago":6,"minecraft:grass":6,"minecraft:grass_block":5,"minecraft:gravel":42,"minecraft:dirt":10,"minecraft:stone":15},"minecraft:picked_up":{"minecraft:birch_log":6,"minecraft:stick":22,"minecraft:wheat":11,"meds_and_herbs:seeds_vinca":1,"minecraft:birch_planks":7,"minecraft:gravel":44,"werewolves:wolfsbane":8,"minecraft:oak_log":8,"minecraft:dirt":15,"minecraft:wheat_seeds":28,"meds_and_herbs:vinca_leaves":2,"meds_and_herbs:plantago_leaves":18,"dynamictrees:birch_seed":2,"dynamictrees:oak_seed":2,"minecraft:cobblestone":15},"minecraft:crafted":{"minecraft:oak_planks":32,"minecraft:stone_shovel":1,"minecraft:purple_dye":8,"minecraft:wooden_pickaxe":1,"minecraft:stone_pickaxe":2,"minecraft:wooden_axe":1,"minecraft:stone_hoe":1,"meds_and_herbs:dressing_plantago":6,"minecraft:stone_axe":1,"minecraft:air":13},"minecraft:dropped":{"minecraft:gravel":25,"minecraft:wooden_axe":1,"minecraft:wooden_pickaxe":1,"minecraft:stick":1},"minecraft:killed_by":{"minecraft:zombie_villager":3,"alexsmobs:grizzly_bear":1}},"DataVersion":3465}