{"stats":{"minecraft:custom":{"minecraft:interact_with_furnace":1,"minecraft:mob_kills":2,"tombstone:raider_killed":1,"vampirism:interact_with_research_table":3,"minecraft:interact_with_crafting_table":7,"minecraft:tune_noteblock":37,"minecraft:damage_dealt_resisted":14,"minecraft:interact_with_grindstone":1,"minecraft:sleep_in_bed":1,"minecraft:time_since_death":1047,"minecraft:climb_one_cm":6924,"minecraft:time_since_rest":86,"minecraft:sprint_one_cm":187211,"minecraft:damage_taken":3319,"minecraft:walk_one_cm":112090,"minecraft:drop":31,"minecraft:damage_dealt":539,"minecraft:talked_to_villager":7,"minecraft:swim_one_cm":6966,"minecraft:fly_one_cm":183447,"minecraft:open_chest":11,"minecraft:crouch_one_cm":2788,"minecraft:play_time":52364,"minecraft:deaths":10,"minecraft:sneak_time":649,"minecraft:walk_under_water_one_cm":363,"minecraft:jump":904,"minecraft:walk_on_water_one_cm":3389,"minecraft:total_world_time":52364,"minecraft:fall_one_cm":15715},"minecraft:used":{"minecraft:golden_boots":1,"vampirism:fire_place":1,"minecraft:stone_pickaxe":28,"minecraft:wooden_pickaxe":15,"minecraft:iron_sword":3,"minecraft:fletching_table":1,"minecraft:stone_hoe":35,"minecraft:dirt":21,"vampirism:hunter_table":1,"minecraft:wooden_axe":1,"vampirism:item_tent":1,"farmersdelight:tomato":2,"minecraft:bread":5,"minecraft:gravel":19,"minecraft:stone_axe":60,"minecraft:cobblestone":3,"minecraft:furnace":1,"immersiveengineering:crate":2,"farmersdelight:cooking_pot":1,"tombstone:gift":3,"alexsmobs:animal_dictionary":1,"minecraft:iron_leggings":1},"minecraft:mined":{"farmersdelight:cooking_pot":1,"meds_and_herbs:wild_vinca":1,"minecraft:stone_pressure_plate":1,"minecraft:spruce_planks":2,"minecraft:white_bed":1,"minecraft:smoker":1,"vampirism:altar_cleansing":1,"meds_and_herbs:plantago":6,"minecraft:grass_block":10,"minecraft:melon":5,"minecraft:campfire":2,"minecraft:glass":4,"minecraft:coal_block":6,"minecraft:tall_grass":1,"vampirism:hunter_table":1,"minecraft:wall_torch":1,"minecraft:hay_block":36,"minecraft:furnace":4,"werewolves:wolfsbane":8,"minecraft:wheat":31,"minecraft:andesite":1,"minecraft:stripped_oak_wood":1,"minecraft:fletching_table":2,"vampirism:tent":1,"minecraft:grass":11,"minecraft:bookshelf":28,"vampirism:fire_place":1,"minecraft:gravel":42,"minecraft:dirt":11,"domesticationinnovation:pet_bed_red":1,"minecraft:stone":23,"minecraft:bone_block":7,"immersiveengineering:crate":4,"minecraft:spruce_slab":1},"minecraft:picked_up":{"minecraft:birch_log":6,"minecraft:charcoal":4,"minecraft:leather_chestplate":2,"minecraft:wheat":34,"minecraft:feather":1,"vampirism:item_tent":1,"minecraft:andesite":2,"minecraft:leather_leggings":1,"minecraft:smoker":1,"minecraft:birch_planks":7,"minecraft:oak_log":8,"minecraft:golden_boots":1,"farmersdelight:tomato":2,"minecraft:dirt":21,"minecraft:lantern":1,"minecraft:item_frame":2,"minecraft:iron_leggings":1,"minecraft:armor_stand":2,"farmersdelight:cooking_pot":1,"vampirism:altar_cleansing":1,"minecraft:wheat_seeds":85,"mysticalagriculture:inferium_essence":1,"minecraft:stone_pickaxe":1,"minecraft:spruce_planks":2,"minecraft:iron_ingot":2,"meds_and_herbs:plantago_leaves":18,"dynamictrees:birch_seed":2,"immersiveengineering:crate":4,"minecraft:stripped_oak_wood":1,"dynamictrees:oak_seed":2,"minecraft:fletching_table":2,"minecraft:spruce_slab":1,"minecraft:stone_hoe":1,"minecraft:melon_slice":25,"minecraft:coal_block":6,"minecraft:iron_sword":1,"minecraft:furnace":4,"minecraft:book":75,"minecraft:stick":25,"domesticationinnovation:pet_bed_red":1,"meds_and_herbs:seeds_vinca":1,"minecraft:cooked_porkchop":2,"vampirism:fire_place":1,"minecraft:gravel":44,"minecraft:porkchop":2,"werewolves:wolfsbane":8,"minecraft:white_bed":1,"minecraft:stone_pressure_plate":3,"vampirism:hunter_table":1,"minecraft:stone_axe":1,"minecraft:chainmail_leggings":1,"meds_and_herbs:vinca_leaves":2,"minecraft:hay_block":36,"minecraft:iron_helmet":1,"minecraft:gold_ingot":1,"minecraft:chainmail_helmet":1,"minecraft:melon_seeds":1,"minecraft:coal":66,"minecraft:bone_block":6,"minecraft:cobblestone":23},"minecraft:crafted":{"minecraft:oak_planks":32,"minecraft:stone_shovel":1,"minecraft:wooden_pickaxe":1,"minecraft:furnace":1,"minecraft:stone_axe":1,"minecraft:bread":3,"minecraft:air":69,"minecraft:purple_dye":8,"minecraft:stick":14,"minecraft:stone_pickaxe":2,"minecraft:wooden_axe":1,"minecraft:stone_hoe":1,"meds_and_herbs:dressing_plantago":6},"minecraft:dropped":{"minecraft:gravel":25,"minecraft:stone_axe":1,"minecraft:wheat_seeds":85,"dynamictrees:oak_seed":3,"dynamictrees:birch_seed":2,"minecraft:oak_planks":1,"meds_and_herbs:vinca_leaves":2,"minecraft:iron_boots":1,"minecraft:chainmail_helmet":1,"evilcraft:flesh_humanoid":1,"minecraft:coal":1,"minecraft:stick":7,"minecraft:leather_chestplate":2,"minecraft:spruce_planks":2,"minecraft:andesite":2,"minecraft:wooden_axe":1,"minecraft:stone_pressure_plate":3,"minecraft:leather_leggings":1,"meds_and_herbs:dressing_plantago":4,"minecraft:stone_pickaxe":1,"minecraft:wooden_pickaxe":1,"minecraft:stripped_oak_wood":1,"domesticationinnovation:collar_tag":1,"minecraft:armor_stand":2,"minecraft:golden_boots":1},"minecraft:killed_by":{"minecraft:zombie_villager":6,"minecraft:pillager":1,"alexsmobs:grizzly_bear":1,"werewolves:werewolf_survivalist":1},"minecraft:killed":{"minecraft:pillager":1,"alexsmobs:crow":1}},"DataVersion":3465}