{
	"level_seeds": [
		{
			"dim": "minecraft:overworld",
			"seed": -1800611517509327474
		},
		{
			"dim": "twilightforest:twilight_forest",
			"seed": -1800611517509327474
		},
		{
			"dim": "minecraft:the_end",
			"seed": -1800611517509327474
		},
		{
			"dim": "deeperdarker:otherside",
			"seed": -1800611517509327474
		},
		{
			"dim": "graveyard:past",
			"seed": -1800611517509327474
		},
		{
			"dim": "minecraft:the_nether",
			"seed": -1800611517509327474
		}
	],
	"structure_seeds": [
		{
			"dim": "minecraft:overworld",
			"seed": -1800611517509327474
		},
		{
			"dim": "twilightforest:twilight_forest",
			"seed": -1800611517509327474
		},
		{
			"dim": "minecraft:the_end",
			"seed": -1800611517509327474
		},
		{
			"dim": "deeperdarker:otherside",
			"seed": -1800611517509327474
		},
		{
			"dim": "graveyard:past",
			"seed": -1800611517509327474
		},
		{
			"dim": "minecraft:the_nether",
			"seed": -1800611517509327474
		}
	]
}